<?xml version="1.0" encoding="UTF-8"?>
<project-private xmlns="http://www.netbeans.org/ns/project-private/1">
    <editor-bookmarks xmlns="http://www.netbeans.org/ns/editor-bookmarks/2" lastBookmarkId="0"/>
    <open-files xmlns="http://www.netbeans.org/ns/projectui-open-files/2">
        <group>
            <file>file:/E:/hoc/kì%204/Du_an_1_(UDPM-Java)/WaterSys/src/watersys/UI/SanPhamForm.java</file>
            <file>file:/E:/hoc/kì%204/Du_an_1_(UDPM-Java)/WaterSys/src/watersys/UI/NhanVienForm.java</file>
            <file>file:/E:/hoc/kì%204/Du_an_1_(UDPM-Java)/WaterSys/src/watersys/UI/waterSysMain.java</file>
        </group>
    </open-files>
</project-private>
